url,name,address,city,state,phone
http://grangeracct.com/,Results,"îƒˆ10558 OR-62 ste b, Eagle Point, OR 97524",Eagle Point,OR,î‚°(541) 665-7005
http://ckacpa.com/,Results,"îƒˆ1334 Jadwin Ave, Richland, WA 99354",Richland,WA,î‚°(509) 943-1040
http://iatllc.net/,Results,"îƒˆ121 E Centennial Dr, Zillah, WA 98953",Zillah,WA,î‚°(509) 895-9730
http://www.sc-cpas.us/,Results,"îƒˆ105 1st Ave, Zillah, WA 98953",Zillah,WA,î‚°(509) 829-6001
https://villbrandtandco.com/,Results,"îƒˆ102 N 56th Ave C, Yakima, WA 98908",Yakima,WA,î‚°(509) 575-1510
https://www.campbellcpallc.com/,Results,"îƒˆ301 Prospect Rd, Moxee, WA 98936",Moxee,WA,î‚°(509) 388-2121
https://yakimacpa.com/,Results,"îƒˆ213 S 12th Ave, Yakima, WA 98902",Yakima,WA,î‚°(509) 575-6406
https://www.jvaccounting.com/,Results,"îƒˆ3411 W Nob Hill Blvd, Yakima, WA 98902",Yakima,WA,î‚°(509) 575-0754
http://www.gehringfarrwood.com/,Results,"îƒˆ520 E Main St, Pullman, WA 99163",Pullman,WA,î‚°(509) 332-2900
http://www.victoryats.com/,Results,"îƒˆ412 W Chestnut Ave, Yakima, WA 98902",Yakima,WA,î‚°(509) 209-8753
http://soelbergcpa.com/,Results,"îƒˆ901 Summitview Ave Ste 260, Yakima, WA 98902",Yakima,WA,î‚°(509) 654-7777
https://alegriacpas.com/?utm_source=GMB&utm_medium=Website&utm_campaign=Button,Results,"îƒˆ601 N 39th Ave, Yakima, WA 98902",Yakima,WA,î‚°(509) 575-1065
http://www.ekanger.com/,Results,"îƒˆ2316 187th Ave NE, Redmond, WA 98052",Redmond,WA,î‚°(425) 260-7600
https://www.nextgenacct.com/,Results,"îƒˆ30454 227th Pl SE, Black Diamond, WA 98010",Black Diamond,WA,î‚°(206) 383-0899
https://singerlewak.com/contact-us/washington/,Results,"îƒˆ4312 Kitsap Way #102, Bremerton, WA 98312",Bremerton,WA,î‚°(360) 479-4611
http://gaylynnaccounting.com/,Results,"îƒˆ66604 WA-225, Benton City, WA 99320",Benton City,WA,î‚°(509) 554-1102
http://www.petersenadvisors.com/,Results,"îƒˆ3702 Kern Rd, Yakima, WA 98902",Yakima,WA,î‚°(509) 575-1040
https://pacaccounting.com/,Results,,Granger,WA,î‚°(206) 650-3584
https://goddardandassociates.com/contact-us/,Results,"îƒˆ111 S 7th Ave, Yakima, WA 98902",Yakima,WA,î‚°(509) 248-6471
http://www.hargrave-cpa.com/,"Hargrave & Associates, PLLC","îƒˆ2310 N Molter Rd Ste 304, Liberty Lake, WA 99019",Liberty Lake,WA,î‚°(509) 210-1291
http://www.ltwcpa.com/,"Weissgarber, CPA, P.C.","îƒˆ3120 139th Ave SE Suite 500, Bellevue, WA 98005",Bellevue,WA,î‚°(425) 243-2026
https://www.gjrw.com/,Grebb Johnson Reed & Wachsmith,"îƒˆ209 E 5th Ave, Ellensburg, WA 98926",Ellensburg,WA,î‚°(509) 925-9876
https://www.carigenscpas.com/,Carigen's Certified Public Accountants,"îƒˆ116 N Oakes Ave ste d, Cle Elum, WA 98922",Cle Elum,WA,î‚°(509) 674-6929
http://www.accountsense.cpa/,Account Sense PLLC,,Granger,WA,î‚°(509) 591-0105
http://www.grasscpa.com/,"Grass CPA & Associates, ps","îƒˆ326 Union Ave NE Unit 5, Renton, WA 98059",Renton,WA,î‚°(425) 271-6277
https://www.acceleratewealthcpas.com/,Accelerate Wealth CPAs,,Granger,WA,î‚°(800) 501-8437
